35,0,24
35.4807736635748,0.00770675698968243,24
35.9610532997107,0.0308191087449554,24
36.4403453886152,0.0693133057620265,24
36.9181574252676,0.123149792651307,24
37.3939984255007,0.192273248783245,24
37.8673794305206,0.276612645134016,24
38.3378140093447,0.376081317272642,24
38.8048187586426,0.490577054414555,24
39.2679137994655,0.619982204450085,24
39.7266232703543,0.764163794839963,24
40.1804758163196,0.922973669253585,24
40.6290050731906,1.09624863980966,24
41.0717501468359,1.2838106547628,24
41.5082560867633,1.4854669814637,24
41.9380743536125,1.70101040440498,24
42.360763280059,1.93021943814914,24
42.7758885246579,2.17285855491979,24
43.1830235181582,2.42867842662237,24
43.5817499018325,2.69741618104564,24
43.9716579573682,2.97879567198063,24
44.352347027881,3.27252776297953,24
44.7234259296168,3.57831062446295,24
45.0845133539197,3.89583004387024,24
45.4352382590523,4.22475974853405,24
45.7752402514659,4.56476174094767,24
46.1041699561297,4.91548664608021,24
46.421689375537,5.27657407038313,24
46.7274722370204,5.64765297211895,24
47.0212043280193,6.02834204263171,24
47.3025838189543,6.41825009816741,24
47.5713215733776,6.81697648184172,24
47.8271414450802,7.22411147534207,24
48.0697805618508,7.63923671994087,24
48.298989595595,8.06192564638741,24
48.5145330185363,8.49174391323657,24
48.7161893452372,8.92824985316403,24
48.9037513601903,9.37099492680932,24
49.0770263307464,9.81952418368031,24
49.23583620516,10.2733767296456,24
49.3800177955499,10.7320862005344,24
49.5094229455854,11.1951812413573,24
49.6239186827273,11.6621859906552,24
49.723387354866,12.1326205694793,24
49.8077267512167,12.6060015744992,24
49.8768502073487,13.0818425747323,24
49.930686694238,13.5596546113847,24
49.969180891255,14.0389467002892,24
49.9922932430103,14.5192263364251,24
50,14.9999999999999,24
35,0.00879951689325767,24.3248334515125
35.4804916251765,0.0165017528337176,24.3248334515125
35.9604895127276,0.0396005460870097,24.3248334515125
36.4395004323766,0.0780721610816187,24.3248334515125
36.9170321680231,0.131877065632509,24.3248334515125
37.3925940235282,0.200959971563117,24.3248334515125
37.865697326938,0.285249891517691,24.3248334515125
38.3358559326272,0.384660211905594,24.3248334515125
38.8025867208464,0.499088781902628,24.3248334515125
39.2654100941603,0.628418018417903,24.3248334515125
39.7238504702666,0.772515026918427,24.3248334515125
40.1774367706889,0.9312317379872,24.3248334515125
40.6257029048417,1.10440505947457,24.3248334515125
41.06818824897,1.29185704408644,24.3248334515125
41.5044381194713,1.49339507223711,24.3248334515125
41.9340042401138,1.70881204997896,24.3248334515125
42.3564452026704,1.93788662180549,24.3248334515125
42.7713269204957,2.180383398109,24.3248334515125
43.1782230745791,2.4360531970594,24.3248334515125
43.5767155516169,2.70463330065535,24.3248334515125
43.9663948736511,2.98584772468474,24.3248334515125
44.3468606188367,3.27940750231718,24.3248334515125
44.7177218329016,3.58501098103693,24.3248334515125
45.0785974308785,3.90234413261121,24.3248334515125
45.4291165886959,4.2310808757755,24.3248334515125
45.7689191242244,4.57088341130405,24.3248334515125
46.0976558673887,4.92140256912142,24.3248334515125
46.414989018963,5.28227816709833,24.3248334515125
46.7205924976828,5.65313938116318,24.3248334515125
47.0141522753152,6.03360512634881,24.3248334515125
47.2953666993446,6.42328444838306,24.3248334515125
47.5639468029405,6.82177692542078,24.3248334515125
47.8196166018909,7.22867307950426,24.3248334515125
48.0621133781945,7.64355479732955,24.3248334515125
48.291187950021,8.06599575988616,24.3248334515125
48.5066049277629,8.49556188052864,24.3248334515125
48.7081429559135,8.93181175102994,24.3248334515125
48.8955949405254,9.37429709515824,24.3248334515125
49.0687682620128,9.82256322931103,24.3248334515125
49.2274849730815,10.2761495297333,24.3248334515125
49.3715819815821,10.7345899058396,24.3248334515125
49.5009112180974,11.1974132791535,24.3248334515125
49.6153397880944,11.6641440673727,24.3248334515125
49.7147501084823,12.1343026730619,24.3248334515125
49.7990400284369,12.6074059764717,24.3248334515125
49.8681229343675,13.0829678319768,24.3248334515125
49.9219278389184,13.5604995676233,24.3248334515125
49.960399453913,14.0395104872723,24.3248334515125
49.9834982471663,14.5195083748234,24.3248334515125
49.9912004831068,14.9999999999999,24.3248334515125
35,0.0351722570738414,24.6487141105437
35.4796463372489,0.0428609431276528,24.6487141105437
35.9587998054628,0.0659191006444262,24.6487141105437
36.436968042063,0.104323035808608,24.6487141105437
36.9136596968629,0.158033285980767,24.6487141105437
37.3883849369636,0.226994660248113,24.6487141105437
37.86065595009,0.311136296136889,24.6487141105437
38.3299874458513,0.410371732428364,24.6487141105437
38.7958971544094,0.52459899800357,24.6487141105437
39.2579063220439,0.653700716625518,24.6487141105437
39.7155402031039,0.79754422755123,24.6487141105437
40.1683285478412,0.955981721849601,24.6487141105437
40.6158060856236,1.12885039428509,24.6487141105437
41.0575130030324,1.31597261061108,24.6487141105437
41.4929954163509,1.51715609010109,24.6487141105437
41.9218058379617,1.73219410313023,24.6487141105437
42.3435036361693,1.96086568360382,24.6487141105437
42.7576554879801,2.20293585601505,24.6487141105437
43.1638358243701,2.45815587689815,24.6487141105437
43.5616272675865,2.72626349042916,24.6487141105437
43.9506210600312,3.00698319791144,24.6487141105437
44.3304174842871,3.30002654086931,24.6487141105437
44.7006262738545,3.60509239745855,24.6487141105437
45.0608670141765,3.92186729188948,24.6487141105437
45.4107695335407,4.25002571654452,24.6487141105437
45.7499742834554,4.58923046645928,24.6487141105437
46.0781327081105,4.93913298582345,24.6487141105437
46.3949076025414,5.29937372614546,24.6487141105437
46.6999734591306,5.66958251571285,24.6487141105437
46.9930168020885,6.04937893996872,24.6487141105437
47.2737365095708,6.43837273241345,24.6487141105437
47.5418441231018,6.83616417562985,24.6487141105437
47.7970641439849,7.24234451201986,24.6487141105437
48.0391343163961,7.6564963638306,24.6487141105437
48.2678058968697,8.07819416203825,24.6487141105437
48.4828439098989,8.50700458364897,24.6487141105437
48.6840273893889,8.94248699696753,24.6487141105437
48.8711496057149,9.38419391437627,24.6487141105437
49.0440182781504,9.83167145215874,24.6487141105437
49.2024557724487,10.284459796896,24.6487141105437
49.3462992833745,10.742093677956,24.6487141105437
49.4754010019964,11.2041028455905,24.6487141105437
49.5896282675716,11.6700125541486,24.6487141105437
49.6888637038631,12.1393440499099,24.6487141105437
49.7730053397519,12.6116150630363,24.6487141105437
49.8419667140192,13.086340303137,24.6487141105437
49.8956769641914,13.5630319579369,24.6487141105437
49.9340808993556,14.0412001945372,24.6487141105437
49.9571390568723,14.5203536627511,24.6487141105437
49.9648277429262,14.9999999999999,24.6487141105437
35,0.0790408647508428,24.9706919793166
35.4782402791669,0.0867070118247323,24.9706919793166
35.9559891341186,0.10969757556206,24.9706919793166
36.4327556456115,0.147988931604458,24.9706919793166
36.9080499038262,0.201541732995147,24.9706919793166
37.3813835117831,0.270300950610603,24.9706919793166
37.8522700872034,0.354195929706699,24.9706919793166
38.3202257622996,0.453140462521227,24.9706919793166
38.7847696809824,0.567032876858208,24.9706919793166
39.2454244929727,0.695756140562937,24.9706919793166
39.7017168443116,0.839177981780443,24.9706919793166
40.1531778637634,0.997151024873758,24.9706919793166
40.5993436446125,1.16951294186234,24.9706919793166
41.0397557213588,1.35608661922506,24.9706919793166
41.4739615408222,1.55668033989629,24.9706919793166
41.9015149271715,1.7710879802682,24.9706919793166
42.3219765404002,1.99908922199664,24.9706919793166
42.7349143277782,2.24044977839316,24.9706919793166
43.1399039678148,2.49492163517042,24.9706919793166
43.5365293062781,2.76224330529363,24.9706919793166
43.9243827838216,3.04214009767617,24.9706919793166
44.3030658547787,3.33432439944323,24.9706919793166
44.6721893966956,3.63849597147348,24.9706919793166
45.0313741101807,3.95434225691509,24.9706919793166
45.3802509086605,4.28153870235898,24.9706919793166
45.718461297641,4.61974909133944,24.9706919793166
46.0456577430848,4.96862588981922,24.9706919793166
46.3615040285265,5.32781060330431,24.9706919793166
46.6656756005567,5.6969341452212,24.9706919793166
46.9578599023238,6.07561721617833,24.9706919793166
47.2377566947063,6.46347069372183,24.9706919793166
47.5050783648295,6.86009603218517,24.9706919793166
47.7595502216068,7.26508567222174,24.9706919793166
48.0009107780033,7.67802345959968,24.9706919793166
48.2289120197318,8.09848507282842,24.9706919793166
48.4433196601037,8.52603845917775,24.9706919793166
48.6439133807749,8.96024427864116,24.9706919793166
48.8304870581376,9.40065635538744,24.9706919793166
49.0028489751262,9.8468221362365,24.9706919793166
49.1608220182195,10.2982831556883,24.9706919793166
49.304243859437,10.7545755070272,24.9706919793166
49.4329671231418,11.2152303190175,24.9706919793166
49.5468595374788,11.6797742377003,24.9706919793166
49.6458040702933,12.1477299127965,24.9706919793166
49.7296990493894,12.6186164882168,24.9706919793166
49.7984582670048,13.0919500961737,24.9706919793166
49.8520110683955,13.5672443543884,24.9706919793166
49.8903024244379,14.0440108658813,24.9706919793166
49.9132929881753,14.521759720833,24.9706919793166
49.9209591352492,14.9999999999999,24.9706919793166
35,0.140276665739479,25.2898226412661
35.4762775751414,0.147911350850882,25.2898226412661
35.9520657428786,0.170807561030047,25.2898226412661
36.4268755987067,0.208941768873261,25.2898226412661
36.9002192434023,0.262274788904145,25.2898226412661
37.371610284373,0.330751817839377,25.2898226412661
37.840564335459,0.414302490902777,25.2898226412661
38.3065995146721,0.512840954129861,25.2898226412661
38.7692369393622,0.626265952588596,25.2898226412661
39.228001218302,0.754460934425693,25.2898226412661
39.6824209401828,0.897294170631511,25.2898226412661
40.1320291580224,1.05461889040052,25.2898226412661
40.5763638689841,1.22627343194821,25.2898226412661
41.0149684891158,1.41208140862955,25.2898226412661
41.4473923225214,1.61185189018812,25.2898226412661
41.8731910244807,1.82537959894992,25.2898226412661
42.2919270580441,2.05244512076002,25.2898226412661
42.7031701436311,2.29281513044542,25.2898226412661
43.1064977011719,2.54624263157252,25.2898226412661
43.5014952843366,2.81246721025253,25.2898226412661
43.8877570064072,3.09121530273446,25.2898226412661
44.2648859573537,3.38220047651029,25.2898226412661
44.6324946116854,3.68512372464378,25.2898226412661
44.9902052266602,3.99967377302026,25.2898226412661
45.3376502304405,4.32552740020189,25.2898226412661
45.6744725997981,4.66234976955946,25.2898226412661
46.0003262269797,5.00979477333975,25.2898226412661
46.3148762753562,5.36750538831456,25.2898226412661
46.6177995234896,5.73511404264626,25.2898226412661
46.9087846972655,6.11224299359269,25.2898226412661
47.1875327897474,6.49850471566335,25.2898226412661
47.4537573684274,6.89350229882805,25.2898226412661
47.7071848695545,7.2968298563688,25.2898226412661
47.9475548792399,7.70807294195583,25.2898226412661
48.17462040105,8.12680897551923,25.2898226412661
48.3881481098118,8.55260767747856,25.2898226412661
48.5879185913704,8.98503151088411,25.2898226412661
48.7737265680518,9.42363613101584,25.2898226412661
48.9453811095995,9.86797084197747,25.2898226412661
49.1027058293685,10.3175790598171,25.2898226412661
49.2455390655743,10.7719987816979,25.2898226412661
49.3737340474114,11.2307630606377,25.2898226412661
49.4871590458701,11.6934004853278,25.2898226412661
49.5856975090972,12.1594356645409,25.2898226412661
49.6692481821606,12.6283897156269,25.2898226412661
49.7377252110958,13.0997807565977,25.2898226412661
49.7910582311267,13.5731244012932,25.2898226412661
49.82919243897,14.0479342571213,25.2898226412661
49.8520886491491,14.5237224248585,25.2898226412661
49.8597233342605,14.9999999999999,25.2898226412661
35,0.218700044884662,25.6051700311753
35.4737639821213,0.226294437334374,25.6051700311753
35.9470411397251,0.249069810931896,25.6051700311753
36.4193451485393,0.287002762441271,25.6051700311753
36.8901906842675,0.340054313190612,25.6051700311753
37.3590939212933,0.408169949125308,25.6051700311753
37.8255730298435,0.491279676824915,25.6051700311753
38.2891486711007,0.589298095426117,25.6051700311753
38.7493444897564,0.702124484377894,25.6051700311753
39.2056876034983,0.829642906938686,25.6051700311753
39.657709088929,0.971722329309244,25.6051700311753
40.1049444634161,1.12821675527871,25.6051700311753
40.5469341623797,1.29896537624558,25.6051700311753
40.9832240115265,1.48379273645946,25.6051700311753
41.4133656935436,1.68250891331364,25.6051700311753
41.836917208776,1.89490971250347,25.6051700311753
42.2534433294101,2.12077687784977,25.6051700311753
42.6625160467005,2.35987831557185,25.6051700311753
43.0637150107773,2.61196833277952,25.6051700311753
43.4566279625845,2.87678788993915,25.6051700311753
43.8408511575038,3.15406486705433,25.6051700311753
44.2159897802293,3.44351434328753,25.6051700311753
44.5816583504675,3.74483888973553,25.6051700311753
44.9374811190436,4.05772887505774,25.6051700311753
45.2830924540098,4.38186278364329,25.6051700311753
45.6181372163566,4.71690754599013,25.6051700311753
45.9422711249422,5.06251888095636,25.6051700311753
46.2551611102644,5.41834164953246,25.6051700311753
46.5564856567124,5.78401021977059,25.6051700311753
46.8459351329456,6.15914884249613,25.6051700311753
47.1232121100608,6.54337203741539,25.6051700311753
47.3880316672204,6.93628498922261,25.6051700311753
47.6401216844281,7.33748395329946,25.6051700311753
47.8792231221502,7.74655667058983,25.6051700311753
48.1050902874965,8.16308279122396,25.6051700311753
48.3174910866863,8.5866343064563,25.6051700311753
48.5162072635405,9.01677598847346,25.6051700311753
48.7010346237544,9.45306583762017,25.6051700311753
48.8717832447213,9.89505553658385,25.6051700311753
49.0282776706907,10.3422909110709,25.6051700311753
49.1703570930613,10.7943123965016,25.6051700311753
49.2978755156221,11.2506555102435,25.6051700311753
49.4107019045739,11.7108513288992,25.6051700311753
49.5087203231751,12.1744269701564,25.6051700311753
49.5918300508747,12.6409060787066,25.6051700311753
49.6599456868094,13.1098093157324,25.6051700311753
49.7129972375587,13.5806548514607,25.6051700311753
49.7509301890681,14.0529588602748,25.6051700311753
49.7737055626656,14.5262360178786,25.6051700311753
49.7812999551153,14.9999999999999,25.6051700311753
35,0.314080972903186,25.9158091808159
35.470706872908,0.321626360177319,25.9158091808159
35.940930062685,0.344254768604233,25.9158091808159
36.410186383217,0.381942945964621,25.9158091808159
36.8779936419136,0.434652165108577,25.9158091808159
37.3438711351934,0.502328263750358,25.9158091808159
37.8073401424392,0.584901700123801,25.9158091808159
38.2679244179164,0.682287624441181,25.9158091808159
38.7251506801469,0.794385966082108,25.9158091808159
39.1785490982386,0.921081536422848,25.9158091808159
39.6276537746676,1.06224414720043,25.9158091808159
40.0720032240202,1.21772874428989,25.9158091808159
40.5111408471996,1.38737555675717,25.9158091808159
40.944615400613,1.57101026103456,25.9158091808159
41.3719814598544,1.76844416004997,25.9158091808159
41.7927998774087,1.97947437712591,25.9158091808159
42.206638233905,2.20388406444896,25.9158091808159
42.6130712824571,2.44144262589563,25.9158091808159
43.0116813856333,2.69190595398539,25.9158091808159
43.4020589446072,2.95501668071765,25.9158091808159
43.7838028200479,3.23050444203478,25.9158091808159
44.156520744318,3.51808615563943,25.9158091808159
44.5198297245551,3.81746631188073,25.9158091808159
44.8733564362228,4.12833727741047,25.9158091808159
45.216737606727,4.45037961129712,25.9158091808159
45.5496203887028,4.78326239327298,25.9158091808159
45.8716627225895,5.12664356377716,25.9158091808159
46.1825336881192,5.48017027544488,25.9158091808159
46.4819138443605,5.84347925568196,25.9158091808159
46.7694955579652,6.21619717995204,25.9158091808159
47.0449833192823,6.5979410553927,25.9158091808159
47.3080940460146,6.98831861436657,25.9158091808159
47.5585573741043,7.38692871754282,25.9158091808159
47.796115935551,7.79336176609494,25.9158091808159
48.0205256228741,8.20720012259123,25.9158091808159
48.23155583995,8.62801854014548,25.9158091808159
48.4289897389654,9.05538459938692,25.9158091808159
48.6126244432428,9.4888591528003,25.9158091808159
48.7822712557101,9.92799677597972,25.9158091808159
48.9377558527995,10.3723462253323,25.9158091808159
49.0789184635771,10.8214509017613,25.9158091808159
49.2056140339179,11.274849319853,25.9158091808159
49.3177123755588,11.7320755820835,25.9158091808159
49.4150982998762,12.1926598575607,25.9158091808159
49.4976717362496,12.6561288648066,25.9158091808159
49.5653478348914,13.1220063580863,25.9158091808159
49.6180570540354,13.5898136167829,25.9158091808159
49.6557452313958,14.0590699373149,25.9158091808159
49.6783736398227,14.5292931270919,25.9158091808159
49.6859190270968,14.9999999999999,25.9158091808159
35,0.426139681099252,26.2208289320395
35.4671152145297,0.433627494424542,26.2208289320395
35.9337504366001,0.456083240166051,26.2208289320395
36.3994261669767,0.493483843527055,26.2208289320395
36.8636638923675,0.545790872859369,26.2208289320395
37.3259865771277,0.61295057915447,26.2208289320395
37.7859191534464,0.69489395127424,26.2208289320395
38.2429890095107,0.791536786864566,26.2208289320395
38.696726475146,0.902779778878952,26.2208289320395
39.1466653044346,1.02850861762323,26.2208289320395
39.592343154814,1.1685941082165,26.2208289320395
40.0333020621657,1.32289230334759,26.2208289320395
40.4690889114042,1.49124465119065,26.2208289320395
40.8992559020834,1.67347815832789,26.2208289320395
41.3233610085416,1.86940556751199,26.2208289320395
41.7409684341131,2.07882555008559,26.2208289320395
42.1516490589383,2.3015229128601,26.2208289320395
42.5549808809138,2.53726881924122,26.2208289320395
42.9505494493278,2.78582102437406,26.2208289320395
43.3379482907365,3.04692412406604,26.2208289320395
43.7167793266426,3.32030981723203,26.2208289320395
44.0866532825483,3.60569718159181,26.2208289320395
44.4471900879609,3.90279296233669,26.2208289320395
44.798019266941,4.2112918734687,26.2208289320395
45.1387803187918,4.53087691150255,26.2208289320395
45.4691230884974,4.86121968120815,26.2208289320395
45.7887081265312,5.20198073305891,26.2208289320395
46.0972070376632,5.55280991203907,26.2208289320395
46.3943028184081,5.91334671745167,26.2208289320395
46.6796901827679,6.28322067335735,26.2208289320395
46.9530758759339,6.66205170926344,26.2208289320395
47.2141789756259,7.04945055067209,26.2208289320395
47.4627311807587,7.44501911908614,26.2208289320395
47.6984770871399,7.84835094106164,26.2208289320395
47.9211744499144,8.25903156588683,26.2208289320395
48.130594432488,8.67663899145827,26.2208289320395
48.3265218416721,9.1007440979165,26.2208289320395
48.5087553488093,9.53091108859569,26.2208289320395
48.6771076966524,9.96669793783424,26.2208289320395
48.8314058917835,10.407656845186,26.2208289320395
48.9714913823767,10.8533346955653,26.2208289320395
49.097220221121,11.3032735248539,26.2208289320395
49.2084632131354,11.7570109904893,26.2208289320395
49.3051060487257,12.2140808465535,26.2208289320395
49.3870494208455,12.6740134228722,26.2208289320395
49.4542091271406,13.1363361076324,26.2208289320395
49.5065161564729,13.6005738330232,26.2208289320395
49.5439167598339,14.0662495633998,26.2208289320395
49.5663725055755,14.5328847854702,26.2208289320395
49.5738603189007,14.9999999999999,26.2208289320395
35,0.554547481974258,26.5193346093616
35.4629995419392,0.561969321451751,26.5193346093616
35.9255233205509,0.584227213442467,26.5193346093616
36.3870960613866,0.621298286457775,26.5193346093616
36.8472434672534,0.673144447464203,26.5193346093616
37.3054927055866,0.739712421026587,26.5193346093616
37.7613728943166,0.820933804052187,26.5193346093616
38.2144155857327,0.916725136079493,26.5193346093616
38.6641552478444,1.02698798503948,26.5193346093616
39.110129742747,1.15160904840123,26.5193346093616
39.5518808014999,1.29046026959793,26.5193346093616
39.9889544950284,1.44339896961363,26.5193346093616
40.4209017005667,1.61026799359565,26.5193346093616
40.8472785631622,1.7908958723417,26.5193346093616
41.2676469517661,1.98509699849618,26.5193346093616
41.6815749094428,2.19267181727426,26.5193346093616
42.0886370972347,2.41340703151784,26.5193346093616
42.4884152312271,2.64707582087291,26.5193346093616
42.8804985123628,2.89343807486272,26.5193346093616
43.2644840485662,3.15224063961753,26.5193346093616
43.639977268742,3.42321757800737,26.5193346093616
44.0065923282236,3.70609044291037,26.5193346093616
44.3639525052547,4.00056856333603,26.5193346093616
44.7116905880963,4.3063493431093,26.5193346093616
45.0494492523617,4.62311857180859,26.5193346093616
45.3768814281913,4.95055074763826,26.5193346093616
45.6936506568906,5.28830941190367,26.5193346093616
45.9994314366639,5.63604749474528,26.5193346093616
46.2939095570896,5.99340767177634,26.5193346093616
46.5767824219926,6.36002273125791,26.5193346093616
46.8477593603824,6.73551595143368,26.5193346093616
47.1065619251372,7.1195014876371,26.5193346093616
47.352924179127,7.51158476877284,26.5193346093616
47.5865929684821,7.91136290276523,26.5193346093616
47.8073281827257,8.31842509055715,26.5193346093616
48.0149030015038,8.73235304823378,26.5193346093616
48.2091041276583,9.15272143683768,26.5193346093616
48.3897320064043,9.5790982994332,26.5193346093616
48.5566010303863,10.0110455049716,26.5193346093616
48.709539730402,10.4481191985,26.5193346093616
48.8483909515987,10.8898702572529,26.5193346093616
48.9730120149605,11.3358447521556,26.5193346093616
49.0832748639205,11.7855844142672,26.5193346093616
49.1790661959478,12.2386271056833,26.5193346093616
49.2602875789734,12.6945072944133,26.5193346093616
49.3268555525358,13.1527565327465,26.5193346093616
49.3787017135422,13.6129039386133,26.5193346093616
49.4157727865575,14.0744766794491,26.5193346093616
49.4380306785482,14.5370004580607,26.5193346093616
49.4454525180257,14.9999999999999,26.5193346093616
35,0.698927733323862,26.8104506441987
35.4583719271132,0.706275392567271,26.8104506441987
35.916272846086,0.728310820080938,26.8104506441987
36.3732322327707,0.765011372973527,26.8104506441987
36.8287805305075,0.81633933894603,26.8104506441987
37.2824496326263,0.882241975043715,26.8104506441987
37.733773363457,0.962651561853062,26.8104506441987
38.1822879573575,1.05748547308805,26.8104506441987
38.6275325352635,1.16664626049424,26.8104506441987
39.0690495782733,1.29002175398345,26.8104506441987
39.5063853977793,1.42748517689611,26.8104506441987
39.9390906016636,1.57889527627285,26.8104506441987
40.366720556079,1.74409646800142,26.8104506441987
40.7888358423401,1.92291899668997,26.8104506441987
41.2050027084558,2.1151791101021,26.8104506441987
41.614793514839,2.32067924797478,26.8104506441987
42.0177871737347,2.53920824502479,26.8104506441987
42.4135695819166,2.77054154793542,26.8104506441987
42.8017340462061,3.01444144610011,26.8104506441987
43.1818817013765,3.27065731588621,26.8104506441987
43.5536219200149,3.53892587816766,26.8104506441987
43.9165727139173,3.81897146886214,26.8104506441987
44.2703611266082,4.11050632219451,26.8104506441987
44.6146236165778,4.41323086639562,26.8104506441987
44.949006430846,4.72683403153253,26.8104506441987
45.2731659684674,5.05099356915393,26.8104506441987
45.5867691336043,5.38537638342217,26.8104506441987
45.8894936778054,5.72963887339177,26.8104506441987
46.1810285311378,6.08342728608262,26.8104506441987
46.4610741218323,6.44637807998507,26.8104506441987
46.7293426841137,6.81811829862341,26.8104506441987
46.9855585538998,7.19826595379387,26.8104506441987
47.2294584520645,7.58643041808328,26.8104506441987
47.4607917549752,7.98221282626522,26.8104506441987
47.6793207520252,8.38520648516094,26.8104506441987
47.8848208898979,8.79499729154409,26.8104506441987
48.07708100331,9.21116415765982,26.8104506441987
48.2559035319985,9.6332794439209,26.8104506441987
48.4211047237271,10.0609093983363,26.8104506441987
48.5725148231039,10.4936146022206,26.8104506441987
48.7099782460165,10.9309504217266,26.8104506441987
48.8333537395057,11.3724674647364,26.8104506441987
48.9425145269119,11.8177120426424,26.8104506441987
49.0373484381469,12.2662266365429,26.8104506441987
49.1177580249563,12.7175503673736,26.8104506441987
49.183660661054,13.1712194694924,26.8104506441987
49.2349886270265,13.6267677672292,26.8104506441987
49.2716891799191,14.0837271539139,26.8104506441987
49.2937246074327,14.5416280728867,26.8104506441987
49.3010722666761,14.9999999999999,26.8104506441987
35,0.858856942994465,27.0933231430621
35.4532459436435,0.86612243320091,27.0933231430621
35.9060261464411,0.88791143803792,27.0933231430621
36.3578753461271,0.924201567830118,27.0933231430621
36.8083292371044,0.97495553201598,27.0933231430621
37.2569249475501,1.0401211774664,27.0933231430621
37.7032015150471,1.11963154207559,27.0933231430621
38.1467003602547,1.2134049235691,27.0933231430621
38.5869657581295,1.32134496345851,27.0933231430621
39.0235453062139,1.44334074605622,27.0933231430621
39.4559903895101,1.57926691244888,27.0933231430621
39.8838566414622,1.72898378931208,27.0933231430621
40.3067044005732,1.89233753243421,27.0933231430621
40.7240991621867,2.06916028480171,27.0933231430621
41.1356120249698,2.25927034908356,27.0933231430621
41.5408201316384,2.46247237433751,27.0933231430621
41.9393071034712,2.67855755674646,27.0933231430621
42.3306634681676,2.9073038541784,27.0933231430621
42.7144870806077,3.1484762143498,27.0933231430621
43.0903835360838,3.40182681635766,27.0933231430621
43.4579665755777,3.66709532533226,27.0933231430621
43.8168584826684,3.94400915994885,27.0933231430621
44.1666904716605,4.23228377252336,27.0933231430621
44.5071030665374,4.53162294140441,27.0933231430621
44.8377464703464,4.84171907536105,27.0933231430621
45.1582809246389,5.16225352965357,27.0933231430621
45.4683770585955,5.4928969334625,27.0933231430621
45.7677162274766,5.83330952833939,27.0933231430621
46.0559908400511,6.18314151733157,27.0933231430621
46.3329046746677,6.5420334244222,27.0933231430621
46.5981731836423,6.90961646391614,27.0933231430621
46.8515237856502,7.2855129193922,27.0933231430621
47.0926961458216,7.6693365318323,27.0933231430621
47.3214424432535,8.06069289652871,27.0933231430621
47.5375276256624,8.45917986836154,27.0933231430621
47.7407296509164,8.86438797503008,27.0933231430621
47.9308397151983,9.27590083781321,27.0933231430621
48.1076624675658,9.69329559942671,27.0933231430621
48.2710162106879,10.1161433585377,27.0933231430621
48.4207330875511,10.5440096104898,27.0933231430621
48.5566592539438,10.976454693786,27.0933231430621
48.6786550365415,11.4130342418704,27.0933231430621
48.7865950764309,11.8532996397452,27.0933231430621
48.8803684579244,12.2967984849528,27.0933231430621
48.9598788225336,12.7430750524498,27.0933231430621
49.025044467984,13.1916707628955,27.0933231430621
49.0757984321699,13.6421246538728,27.0933231430621
49.1120885619621,14.0939738535588,27.0933231430621
49.1338775667991,14.5467540563564,27.0933231430621
49.1411430570055,14.9999999999999,27.0933231430621
35,1.03386601105866,27.3671223921743
35.4476366269227,1.0410415844412,27.3671223921743
35.8948132769516,1.06256093120211,27.3671223921743
36.3410704458503,1.09840193875792,27.3671223921743
36.7859495742113,1.14852777805056,27.3671223921743
37.2289935186571,1.21288694139171,27.3671223921743
37.6697470215856,1.29141329539047,27.3671223921743
38.1077571789782,1.38402614890981,27.3671223921743
38.5425739057893,1.49063033598225,27.3671223921743
38.9737503984391,1.61111631359926,27.3671223921743
39.4008435939344,1.74536027427418,27.3671223921743
39.823414625146,1.89322427326268,27.3671223921743
40.241029271774,2.05455637031042,27.3671223921743
40.653258406539,2.22919078578184,27.3671223921743
41.0596784361387,2.41694807101001,27.3671223921743
41.4598717365193,2.61763529269221,27.3671223921743
41.8534270820123,2.83104623114199,27.3671223921743
42.2399400678962,3.05696159219381,27.3671223921743
42.6190135259504,3.29514923254261,27.3671223921743
42.9902579325718,3.54536439828678,27.3671223921743
43.3532918090371,3.80734997642932,27.3671223921743
43.7077421134975,4.08083675907883,27.3671223921743
44.053244624305,4.36554372007879,27.3671223921743
44.3894443142741,4.66117830378099,27.3671223921743
44.7159957154967,4.96743672566617,27.3671223921743
45.0325632743338,5.28400428450321,27.3671223921743
45.338821696219,5.61055568572586,27.3671223921743
45.6344562799212,5.94675537569495,27.3671223921743
45.9191632409211,6.2922578865024,27.3671223921743
46.1926500235706,6.64670819096285,27.3671223921743
46.4546356017132,7.00974206742812,27.3671223921743
46.7048507674573,7.38098647404955,27.3671223921743
46.9430384078061,7.76005993210373,27.3671223921743
47.168953768858,8.14657291798766,27.3671223921743
47.3823647073078,8.5401282634806,27.3671223921743
47.58305192899,8.94032156386125,27.3671223921743
47.7708092142181,9.34674159346097,27.3671223921743
47.9454436296895,9.75897072822589,27.3671223921743
48.1067757267373,10.1765853748539,27.3671223921743
48.2546397257258,10.5991564060655,27.3671223921743
48.3888836864007,11.0262496015608,27.3671223921743
48.5093696640177,11.4574260942106,27.3671223921743
48.6159738510902,11.8922428210217,27.3671223921743
48.7085867046095,12.3302529784143,27.3671223921743
48.7871130586083,12.7710064813428,27.3671223921743
48.8514722219494,13.2140504257886,27.3671223921743
48.9015980612421,13.6589295541496,27.3671223921743
48.9374390687979,14.1051867230483,27.3671223921743
48.9589584155588,14.5523633730772,27.3671223921743
48.9661339889413,14.9999999999999,27.3671223921743
35,1.22344160576614,27.6310452911626
35.4415604300432,1.23051977827937,27.6310452911626
35.8826671268957,1.25174702251835,27.6310452911626
36.3228668236082,1.28710152605467,27.6310452911626
36.7617071852355,1.33654695974604,27.6310452911626
37.1987372736409,1.4000325150669,27.6310452911626
37.6335080108661,1.47749295631762,27.6310452911626
38.0655726405886,1.5688486876586,27.6310452911626
38.4944871871944,1.67400583490036,27.6310452911626
38.9198109119928,1.79285634196563,27.6310452911626
39.3411067661054,1.92527808192428,27.6310452911626
39.7579418395629,2.07113498248696,27.6310452911626
40.1698878061499,2.23027716582862,27.6310452911626
40.5765213635388,2.40254110259809,27.6310452911626
40.9774246682615,2.58774977995553,27.6310452911626
41.3721857650719,2.78571288346511,27.6310452911626
41.7603990102577,2.99622699265593,27.6310452911626
42.1416654884668,3.21907579005034,27.6310452911626
42.5155934226197,3.45403028344474,27.6310452911626
42.8817985764871,3.70084904121457,27.6310452911626
43.2399046495184,3.95927844040162,27.6310452911626
43.5895436635161,4.22905292732873,27.6310452911626
43.9303563407582,4.50989529047422,27.6310452911626
44.2619924731804,4.8015169453254,27.6310452911626
44.5841112822385,5.10361823091868,27.6310452911626
44.8963817690813,5.41588871776148,27.6310452911626
45.1984830546745,5.73800752681952,27.6310452911626
45.4901047095257,6.0696436592417,27.6310452911626
45.7709470726712,6.41045633648382,27.6310452911626
46.0407215595983,6.76009535048153,27.6310452911626
46.2991509587854,7.11820142351284,27.6310452911626
46.5459697165552,7.48440657738023,27.6310452911626
46.7809242099496,7.85833451153313,27.6310452911626
47.003773007344,8.2396009897422,27.6310452911626
47.2142871165348,8.62781423492799,27.6310452911626
47.4122502200444,9.02257533173837,27.6310452911626
47.5974588974019,9.42347863646108,27.6310452911626
47.7697228341713,9.83011219385,27.6310452911626
47.928865017513,10.242058160437,27.6310452911626
48.0747219180757,10.6588932338945,27.6310452911626
48.2071436580343,11.0801890880071,27.6310452911626
48.3259941650996,11.5055128128055,27.6310452911626
48.4311513123414,11.9344273594113,27.6310452911626
48.5225070436824,12.3664919891338,27.6310452911626
48.5999674849331,12.801262726359,27.6310452911626
48.6634530402539,13.2382928147644,27.6310452911626
48.7128984739453,13.6771331763917,27.6310452911626
48.7482529774816,14.1173328731042,27.6310452911626
48.7694802217206,14.5584395699567,27.6310452911626
48.7765583942339,14.9999999999999,27.6310452911626
35,1.42702766923418,27.884317708691
35.4350351755375,1.43400124252624,27.884317708691
35.8696233230243,1.45491479658446,27.884317708691
36.3033178737614,1.48974684131831,27.884317708691
36.7356731772807,1.53846158444723,27.884317708691
37.1662449592812,1.60100896827961,27.884317708691
37.5945907781509,1.67732472115045,27.884317708691
38.0202704796052,1.76733042346482,27.884317708691
38.4428466489756,1.87093358827934,27.884317708691
38.8618850606826,1.98802775633873,27.884317708691
39.2769551244315,2.1184926054699,27.884317708691
39.6876303276738,2.26219407422114,27.884317708691
40.0934886738771,2.41898449961927,27.884317708691
40.4941131161551,2.58870276890337,27.884317708691
40.8890919858118,2.77117448507905,27.884317708691
41.2780194153586,2.96621214612309,27.884317708691
41.6604957555706,3.17361533765449,27.884317708691
42.0361279861534,3.39317093887379,27.884317708691
42.4045301195978,3.62465334155907,27.884317708691
42.7653235978083,3.86782468189368,27.884317708691
43.1181376810969,4.12243508488738,27.884317708691
43.4626098291432,4.38822292113979,27.884317708691
43.7983860735293,4.66491507568225,27.884317708691
44.1251213814661,4.95222722862198,27.884317708691
44.4424800103377,5.24986414729991,27.884317708691
44.7501358527,5.55751998966226,27.884317708691
45.047772771378,5.87487861853389,27.884317708691
45.3350849243177,6.20161392647062,27.884317708691
45.6117770788602,6.53739017085671,27.884317708691
45.8775649151126,6.88186231890302,27.884317708691
46.1321753181063,7.2346764021916,27.884317708691
46.3753466584409,7.59546988040211,27.884317708691
46.6068290611262,7.96387201384657,27.884317708691
46.8263846623455,8.33950424442936,27.884317708691
47.0337878538769,8.72198058464136,27.884317708691
47.2288255149209,9.11090801418811,27.884317708691
47.4112972310966,9.5058868838448,27.884317708691
47.5810155003807,9.90651132612283,27.884317708691
47.7378059257788,10.3123696723261,27.884317708691
47.8815073945301,10.7230448755684,27.884317708691
48.0119722436612,11.1381149393174,27.884317708691
48.1290664117206,11.5571533510243,27.884317708691
48.2326695765352,11.9797295203947,27.884317708691
48.3226752788495,12.4054092218491,27.884317708691
48.3989910317204,12.8337550407187,27.884317708691
48.4615384155528,13.2643268227193,27.884317708691
48.5102531586817,13.6966821262385,27.884317708691
48.5450852034155,14.1303766769756,27.884317708691
48.5659987574738,14.5649648244624,27.884317708691
48.5729723307658,14.9999999999999,27.884317708691
35,1.64402704846122,28.1261967531205
35.4280800031012,1.65088913098777,28.1261967531205
35.8557201250615,1.67146832731376,28.1261967531205
36.2824809367479,1.70574349092384,28.1261967531205
36.7079239125778,1.75367940177045,28.1261967531205
37.1316118811342,1.81522680246478,28.1261967531205
37.5531094743888,1.89032244889212,28.1261967531205
37.9719835750717,1.97888917519938,28.1261967531205
38.3878037617292,2.08083597308831,28.1261967531205
38.8001427510107,2.1960580853326,28.1261967531205
39.208576836731,2.32443711342307,28.1261967531205
39.6126863252577,2.46584113923011,28.1261967531205
40.0120559667739,2.62012486055849,28.1261967531205
40.4062753819761,2.78712974045517,28.1261967531205
40.7949394837666,2.96668417011676,28.1261967531205
41.1776488935076,3.15860364522915,28.1261967531205
41.5540103514099,3.36269095555817,28.1261967531205
41.9236371206341,3.57873638759644,28.1261967531205
42.2861493846884,3.80651794005816,28.1261967531205
42.6411746377164,4.04580155200046,28.1261967531205
42.9883480672712,4.29634134333682,28.1261967531205
43.3273129291855,4.5578798674955,28.1261967531205
43.6577209141502,4.83014837596329,28.1261967531205
43.9792325056256,5.11286709444275,28.1261967531205
44.2915173287176,5.40574551033925,28.1261967531205
44.5942544896607,5.70848267128229,28.1261967531205
44.8871329055572,6.02076749437437,28.1261967531205
45.1698516240367,6.34227908584975,28.1261967531205
45.4421201325044,6.67268707081444,28.1261967531205
45.7036586566631,7.01165193272876,28.1261967531205
45.9541984479995,7.35882536228355,28.1261967531205
46.1934820599418,7.71385061531148,28.1261967531205
46.4212636124035,8.07636287936586,28.1261967531205
46.6373090444418,8.44598964859003,28.1261967531205
46.8413963547708,8.82235110649235,28.1261967531205
47.0333158298832,9.20506051623333,28.1261967531205
47.2128702595448,9.59372461802381,28.1261967531205
47.3798751394415,9.98794403322604,28.1261967531205
47.5341588607699,10.3873136747422,28.1261967531205
47.6755628865769,10.7914231632689,28.1261967531205
47.8039419146674,11.1998572489893,28.1261967531205
47.9191640269117,11.6121962382707,28.1261967531205
48.0211108248006,12.0280164249282,28.1261967531205
48.1096775511079,12.4468905256112,28.1261967531205
48.1847731975352,12.8683881188657,28.1261967531205
48.2463205982295,13.2920760874221,28.1261967531205
48.2942565090762,13.717519063252,28.1261967531205
48.3285316726862,14.1442798749384,28.1261967531205
48.3491108690122,14.5719199968987,28.1261967531205
48.3559729515388,14.9999999999999,28.1261967531205
35,1.87380324687946,28.3559729515388
35.4207153134534,1.8805472741178,28.3559729515388
35.8409983134826,1.90077242588894,28.3559729515388
36.2604171308942,1.93445791948223,28.3559729515388
36.6785407845014,1.98156914077593,28.3559729515388
37.0949396239855,2.0420576798055,28.3559729515388
37.5091857713909,2.11586138050814,28.3559729515388
37.9208535607987,2.20290440459236,28.3559729515388
38.3295199757271,2.30309730946691,28.3559729515388
38.7347650838095,2.41633714014914,28.3559729515388
39.1361724683032,2.54250753505817,28.3559729515388
39.5333296559863,2.68147884558427,28.3559729515388
39.9258285410009,2.83310826931162,28.3559729515388
40.3132658042104,2.9972399967574,28.3559729515388
40.6952433276367,3.17370537147657,28.3559729515388
41.0713686035532,3.36232306336779,28.3559729515388
41.4412551378133,3.56289925500236,28.3559729515388
41.8045228469994,3.77522784078468,28.3559729515388
42.1607984489838,3.99909063873976,28.3559729515388
42.5097158465018,4.23425761470987,28.3559729515388
42.850916503341,4.48048711873024,28.3559729515388
43.1840498127618,4.73752613334071,28.3559729515388
43.5087734577696,5.00511053357828,28.3559729515388
43.8247537628681,5.28296535838339,28.3559729515388
44.1316660369341,5.57080509314093,28.3559729515388
44.429194906859,5.86833396306587,28.3559729515388
44.7170346416166,6.17524623713182,28.3559729515388
44.9948894664217,6.49122654223033,28.3559729515388
45.2624738666592,6.81595018723809,28.3559729515388
45.5195128812697,7.14908349665896,28.3559729515388
45.7657423852901,7.49028415349817,28.3559729515388
46.0009093612602,7.83920155101612,28.3559729515388
46.2247721592153,8.19547715300052,28.3559729515388
46.4371007449976,8.5587448621866,28.3559729515388
46.6376769366322,8.92863139644677,28.3559729515388
46.8262946285234,9.30475667236325,28.3559729515388
47.0027600032426,9.6867341957895,28.3559729515388
47.1668917306883,10.074171458999,28.3559729515388
47.3185211544157,10.4666703440137,28.3559729515388
47.4574924649418,10.8638275316967,28.3559729515388
47.5836628598508,11.2652349161905,28.3559729515388
47.6969026905331,11.6704800242728,28.3559729515388
47.7970955954076,12.0791464392012,28.3559729515388
47.8841386194918,12.490814228609,28.3559729515388
47.9579423201945,12.9050603760144,28.3559729515388
48.0184308592241,13.3214592154985,28.3559729515388
48.0655420805178,13.7395828691057,28.3559729515388
48.0992275741111,14.1590016865174,28.3559729515388
48.1194527258822,14.5792846865465,28.3559729515388
48.1261967531205,14.9999999999999,28.3559729515388
35,2.11568229130903,28.5729723307658
35.412962708498,2.12230204501295,28.5729723307658
35.8255010698972,2.14215450388028,28.5729723307658
36.2371911731444,2.17521926816754,28.5729723307658
36.6476099788288,2.22146236159429,28.5729723307658
37.0563357538838,2.28083626625607,28.5729723307658
37.4629485049462,2.35327997145224,28.5729723307658
37.8670304099278,2.43871903637862,28.5729723307658
38.2681662473559,2.53706566662043,28.5729723307658
38.6659438230413,2.648218804367,28.5729723307658
39.0599543936358,2.7720642322555,28.5729723307658
39.4497930866435,2.908474690737,28.5729723307658
39.8350593164547,3.05731000884424,28.5729723307658
40.215357195975,3.2184172482268,28.5729723307658
40.5902959434254,3.3916308603056,28.5729723307658
40.9594902838976,3.57677285638522,28.5729723307658
41.3225608452498,3.77365299054934,28.5729723307658
41.6791345479371,3.98206895515128,28.5729723307658
42.028844988376,4.20180658869879,28.5729723307658
42.3713328154492,4.43264009591943,28.5729723307658
42.7062460997625,4.6743322797805,28.5729723307658
43.0332406952767,4.92663478522503,28.5729723307658
43.3519805929404,5.18928835437337,28.5729723307658
43.6621382659626,5.46202309292821,28.5729723307658
43.9633950063678,5.74455874750917,28.5729723307658
44.2554412524908,6.03660499363217,28.5729723307658
44.5379769070717,6.33786173403738,28.5729723307658
44.8107116456266,6.6480194070595,28.5729723307658
45.0733652147749,6.96675930472326,28.5729723307658
45.3256677202195,7.29375390023744,28.5729723307658
45.5673599040805,7.62866718455076,28.5729723307658
45.7981934113012,7.97115501162391,28.5729723307658
46.0179310448487,8.32086545206286,28.5729723307658
46.2263470094506,8.67743915475013,28.5729723307658
46.4232271436148,9.04050971610231,28.5729723307658
46.6083691396944,9.40970405657454,28.5729723307658
46.7815827517732,9.78464280402495,28.5729723307658
46.9426899911557,10.1649406835452,28.5729723307658
47.091525309263,10.5502069133565,28.5729723307658
47.2279357677445,10.9400456063641,28.5729723307658
47.351781195633,11.3340561769586,28.5729723307658
47.4629343333796,11.731833752644,28.5729723307658
47.5612809636214,12.1329695900721,28.5729723307658
47.6467200285477,12.5370514950538,28.5729723307658
47.7191637337439,12.9436642461161,28.5729723307658
47.7785376384057,13.3523900211711,28.5729723307658
47.8247807318325,13.7628088268555,28.5729723307658
47.8578454961197,14.1744989301027,28.5729723307658
47.877697954987,14.587037291502,28.5729723307658
47.884317708691,14.9999999999999,28.5729723307658
35,2.36895470883741,28.7765583942339
35.4048449279608,2.37544433527639,28.7765583942339
35.8092738503911,2.39490654606346,28.7765583942339
36.2128711892344,2.42732134246143,28.7765583942339
36.6152222209423,2.47265541607581,28.7765583942339
37.0159135026314,2.53086218308142,28.7765583942339
37.4145332969236,2.60188183209048,28.7765583942339
37.810671995034,2.6856413856128,28.7765583942339
38.203922537672,2.7820547750451,28.7765583942339
38.5938808333217,2.89102292911233,28.7765583942339
38.9801461734739,3.01243387567009,28.7765583942339
39.3623216443804,3.14616285676358,28.7765583942339
39.7400145349103,3.29207245682483,28.7765583942339
40.1128367400871,3.45001274387648,28.7765583942339
40.4804051598928,3.61982142359705,28.7765583942339
40.8423420929289,3.80132400608929,28.7765583942339
41.1982756245301,3.99433398518036,28.7765583942339
41.5478400089323,4.19865303006954,28.7765583942339
41.8906760451003,4.41407118912652,28.7765583942339
42.2264314458318,4.6403671056309,28.7765583942339
42.5547611997558,4.87730824523117,28.7765583942339
42.8753279258556,5.1246511348895,28.7765583942339
43.1878022201503,5.38214161306673,28.7765583942339
43.4918629941796,5.64951509089054,28.7765583942339
43.7871978049441,5.92649682403836,28.7765583942339
44.0735031759616,6.21280219505582,28.7765583942339
44.3504849091094,6.50813700582034,28.7765583942339
44.6178583869332,6.81219777984964,28.7765583942339
44.8753488651105,7.12467207414431,28.7765583942339
45.1226917547688,7.44523880024413,28.7765583942339
45.3596328943691,7.77356855416816,28.7765583942339
45.5859288108734,8.1093239548996,28.7765583942339
45.8013469699304,8.45215999106761,28.7765583942339
46.0056660148196,8.80172437546978,28.7765583942339
46.1986759939107,9.15765790707105,28.7765583942339
46.3801785764029,9.5195948401071,28.7765583942339
46.5499872561235,9.88716325991278,28.7765583942339
46.7079275431751,10.2599854650896,28.7765583942339
46.8538371432364,10.6376783556196,28.7765583942339
46.9875661243299,11.019853826526,28.7765583942339
47.1089770708876,11.4061191666782,28.7765583942339
47.2179452249549,11.7960774623279,28.7765583942339
47.3143586143872,12.1893280049659,28.7765583942339
47.3981181679095,12.5854667030764,28.7765583942339
47.4691378169186,12.9840864973685,28.7765583942339
47.5273445839242,13.3847777790576,28.7765583942339
47.5726786575386,13.7871288107655,28.7765583942339
47.6050934539365,14.1907261496088,28.7765583942339
47.6245556647236,14.5951550720391,28.7765583942339
47.6310452911626,14.9999999999999,28.7765583942339
35,2.63287760782571,28.9661339889413
35.3963857826909,2.63923163495492,28.9661339889413
35.792364252195,2.65828718715015,28.9661339889413
36.1875285138672,2.69002468354339,28.9661339889413
36.5814725097161,2.73441151171168,28.9661339889413
36.973791435656,2.7914020611886,28.9661339889413
37.3640821574701,2.86093777033207,28.9661339889413
37.7519436250587,2.94294718650043,28.9661339889413
38.1369772845449,3.03734603947485,28.9661339889413
38.5187874878159,3.14403732805266,28.9661339889413
38.896981899078,3.26291141972265,28.9661339889413
39.2711718980082,3.39384616331993,28.9661339889413
39.6409729790879,3.53670701454442,28.9661339889413
40.0060051467081,3.69134717421431,28.9661339889413
40.365893305641,3.85760773911206,28.9661339889413
40.7202676464754,4.03531786526826,28.9661339889413
41.0687640256208,4.22429494351533,28.9661339889413
41.4110243394898,4.42434478713077,28.9661339889413
41.7466968924735,4.63526183137718,28.9661339889413
42.0754367583328,4.85682934473389,28.9661339889413
42.3969061346331,5.08881965160327,28.9661339889413
42.7107746898594,5.33099436626278,28.9661339889413
43.0167199028541,5.58310463782244,28.9661339889413
43.3144273942294,5.8448914059359,28.9661339889413
43.6035912494133,6.11608566700251,28.9661339889413
43.8839143329974,6.39640875058667,28.9661339889413
44.155108594064,6.68557260577052,28.9661339889413
44.4168953621775,6.98328009714581,28.9661339889413
44.6690056337372,7.28922531014051,28.9661339889413
44.9111803483967,7.6030938653668,28.9661339889413
45.1431706552661,7.92456324166711,28.9661339889413
45.3647381686228,8.25330310752639,28.9661339889413
45.5756552128692,8.58897566051012,28.9661339889413
45.7757050564846,8.9312359743791,28.9661339889413
45.9646821347317,9.2797323535245,28.9661339889413
46.1423922608879,9.63410669435889,28.9661339889413
46.3086528257857,9.99399485329182,28.9661339889413
46.4632929854556,10.3590270209121,28.9661339889413
46.6061538366801,10.7288281019917,28.9661339889413
46.7370885802773,11.1030181009219,28.9661339889413
46.8559626719473,11.481212512184,28.9661339889413
46.9626539605251,11.863022715455,28.9661339889413
47.0570528134995,12.2480563749413,28.9661339889413
47.1390622296679,12.6359178425299,28.9661339889413
47.2085979388114,13.026208564344,28.9661339889413
47.2655884882883,13.4185274902838,28.9661339889413
47.3099753164566,13.8124714861327,28.9661339889413
47.3417128128498,14.2076357478049,28.9661339889413
47.3607683650451,14.603614217309,28.9661339889413
47.3671223921743,14.9999999999999,28.9661339889413
35,2.90667685693787,29.1411430570055
35.387610084819,2.91289021044862,29.1411430570055
35.7748218740738,2.93152388634013,29.1411430570055
36.1612374814762,2.96255873725081,29.1411430570055
36.5464598388683,3.00596287277343,29.1411430570055
36.9300931042374,3.06169169222468,29.1411430570055
37.3117430684703,3.12968793047539,29.1411430570055
37.6910175604297,3.20988171679431,29.1411430570055
38.0675268499366,3.30219064664499,29.1411430570055
38.4408840482447,3.40651986636206,29.1411430570055
38.8107055055941,3.52276217061976,29.1411430570055
39.1766112054381,3.65079811259263,29.1411430570055
39.5382251549353,3.79049612669524,29.1411430570055
39.8951757713081,3.94171266377472,29.1411430570055
40.2470962636687,4.10429233861718,29.1411430570055
40.5936250099219,4.27806808961656,29.1411430570055
40.934405928356,4.4628613504417,29.1411430570055
41.2690888435411,4.65848223352534,29.1411430570055
41.5973298461576,4.8647297251864,29.1411430570055
41.9187916463868,5.08139189218517,29.1411430570055
42.2331439204986,5.30824609949898,29.1411430570055
42.5400636502814,5.54505923909478,29.1411430570055
42.8392354549657,5.7915879694634,29.1411430570055
43.1303519152984,6.04757896566938,29.1411430570055
43.4131138894376,6.31276917965948,29.1411430570055
43.6872308203405,6.58688611056234,29.1411430570055
43.9524210343306,6.86964808470151,29.1411430570055
44.2084120305366,7.16076454503426,29.1411430570055
44.4549407609052,7.45993634971852,29.1411430570055
44.691753900501,7.76685607950137,29.1411430570055
44.9186081078148,8.08120835361311,29.1411430570055
45.1352702748135,8.40267015384232,29.1411430570055
45.3415177664746,8.73091115645887,29.1411430570055
45.5371386495583,9.06559407164394,29.1411430570055
45.7219319103834,9.40637499007807,29.1411430570055
45.8957076613828,9.75290373633125,29.1411430570055
46.0582873362253,10.1048242286918,29.1411430570055
46.2095038733047,10.4617748450646,29.1411430570055
46.3492018874073,10.8233887945618,29.1411430570055
46.4772378293802,11.1892944944058,29.1411430570055
46.5934801336379,11.5591159517553,29.1411430570055
46.697809353355,11.9324731500633,29.1411430570055
46.7901182832057,12.3089824395702,29.1411430570055
46.8703120695246,12.6882569315296,29.1411430570055
46.9383083077753,13.0699068957625,29.1411430570055
46.9940371272266,13.4535401611316,29.1411430570055
47.0374412627492,13.8387625185237,29.1411430570055
47.0684761136599,14.2251781259261,29.1411430570055
47.0871097895514,14.612389915181,29.1411430570055
47.0933231430621,14.9999999999999,29.1411430570055
35,3.18954935580126,29.3010722666761
35.3785435749787,3.19561737400482,29.3010722666761
35.7566981708452,3.21381519331662,29.3010722666761
36.1340752081893,3.24412411424717,29.3010722666761
36.5102869065951,3.28651299233136,29.3010722666761
36.884946683111,3.34093827013154,29.3010722666761
37.2576695494903,3.4073440219957,29.3010722666761
37.628072507792,3.48566201152485,29.3010722666761
37.995774943938,3.57581176169056,29.3010722666761
38.3603990188188,3.67770063753054,29.3010722666761
38.7215700565494,3.79122394133733,29.3010722666761
39.0789169294738,3.91626502024222,29.3010722666761
39.4320724395241,4.05269538608406,29.3010722666761
39.7806736955408,4.20037484743943,29.3010722666761
40.1243624861683,4.35915165367885,29.3010722666761
40.4627856479414,4.52886265090083,29.3010722666761
40.7955954281845,4.70933344958349,29.3010722666761
41.1224498423509,4.9003786037816,29.3010722666761
41.443013025435,5.10180180168484,29.3010722666761
41.7569555770967,5.31339606734143,29.3010722666761
42.063954900142,5.53494397333993,29.3010722666761
42.3636955320138,5.76621786423058,29.3010722666761
42.6558694689508,6.0069800904567,29.3010722666761
42.9401764824821,6.25698325255566,29.3010722666761
43.2163244279327,6.51597045537852,29.3010722666761
43.4840295446214,6.7836755720672,29.3010722666761
43.7430167474443,7.05982351751781,29.3010722666761
43.9930199095432,7.34413053104918,29.3010722666761
44.2337821357694,7.63630446798614,29.3010722666761
44.46505602666,7.93604509985793,29.3010722666761
44.6866039326585,8.24304442290325,29.3010722666761
44.8981981983151,8.55698697456494,29.3010722666761
45.0996213962184,8.87755015764908,29.3010722666761
45.2906665504165,9.20440457181542,29.3010722666761
45.4711373490991,9.53721435205849,29.3010722666761
45.6408483463211,9.87563751383163,29.3010722666761
45.7996251525605,10.2193263044592,29.3010722666761
45.9473046139159,10.5679275604758,29.3010722666761
46.0837349797578,10.9210830705261,29.3010722666761
46.2087760586627,11.2784299434506,29.3010722666761
46.3222993624694,11.6396009811812,29.3010722666761
46.4241882383094,12.0042250560619,29.3010722666761
46.5143379884751,12.3719274922079,29.3010722666761
46.5926559780043,12.7423304505097,29.3010722666761
46.6590617298684,13.1150533168889,29.3010722666761
46.7134870076686,13.4897130934049,29.3010722666761
46.7558758857528,13.8659247918106,29.3010722666761
46.7861848066834,14.2433018291548,29.3010722666761
46.8043826259952,14.6214564250212,29.3010722666761
46.8104506441987,14.9999999999999,29.3010722666761
35,3.48066539063841,29.4454525180257
35.3692128468058,3.48658383813956,29.4454525180257
35.7380463024532,3.50433309903811,29.4454525180257
36.106121365634,3.53389493476867,29.4454525180257
36.4730598143393,3.57523896854668,29.4454525180257
36.8384845945085,3.62832271658263,29.4454525180257
37.2020202074778,3.69309163173704,29.4454525180257
37.5632930958304,3.76947915957128,29.4454525180257
37.921932027252,3.85740680673683,29.4454525180257
38.277568475997,3.95678422163243,29.4454525180257
38.6298370015737,4.06750928724649,29.4454525180257
38.9783756242594,4.18946822608923,29.4454525180257
39.3228261970584,4.32253571710675,29.4454525180257
39.6628347737229,4.46657502445683,29.4454525180257
39.9980519724561,4.62143813801433,29.4454525180257
40.3281333349262,4.78696592546151,29.4454525180257
40.6527396802201,4.96298829580734,29.4454525180257
40.9715374533752,5.14932437416741,29.4454525180257
41.2841990681293,5.34578268762514,29.4454525180257
41.5904032435376,5.55216136198315,29.4454525180257
41.8898353341111,5.76824832920261,29.4454525180257
42.1821876531353,5.99382154531753,29.4454525180257
42.4671597888399,6.22864921859991,29.4454525180257
42.7444589130918,6.47249004774142,29.4454525180257
43.0138000822957,6.72509346980682,29.4454525180257
43.2749065301931,6.98619991770429,29.4454525180257
43.5275099522585,7.25554108690818,29.4454525180257
43.7713507814001,7.53284021116004,29.4454525180257
44.0061784546824,7.81781234686466,29.4454525180257
44.2317516707974,8.11016466588888,29.4454525180257
44.4478386380168,8.40959675646229,29.4454525180257
44.6542173123748,8.71580093187063,29.4454525180257
44.8506756258326,9.02846254662469,29.4454525180257
45.0370117041926,9.3472603197798,29.4454525180257
45.2130340745385,9.67186666507376,29.4454525180257
45.3785618619856,10.0019480275439,29.4454525180257
45.5334249755431,10.3371652262771,29.4454525180257
45.6774642828932,10.6771738029415,29.4454525180257
45.8105317739107,11.0216243757405,29.4454525180257
45.9324907127535,11.3701629984262,29.4454525180257
46.0432157783676,11.722431524003,29.4454525180257
46.1425931932632,12.0780679727479,29.4454525180257
46.2305208404287,12.4367069041695,29.4454525180257
46.3069083682629,12.7979797925221,29.4454525180257
46.3716772834174,13.1615154054915,29.4454525180257
46.4247610314533,13.5269401856607,29.4454525180257
46.4661050652313,13.8938786343659,29.4454525180257
46.4956669009619,14.2619536975467,29.4454525180257
46.5134161618604,14.6307871531941,29.4454525180257
46.5193346093616,14.9999999999999,29.4454525180257
35,3.77917106796052,29.5738603189007
35.3596452689335,3.78493614808065,29.5738603189007
35.7189209780417,3.80222546443152,29.5738603189007
36.0774579472469,3.83102125107184,29.5738603189007
36.4348877555766,3.87129391838428,29.5738603189007
36.790843119741,3.9230020834808,29.5738603189007
37.1449582715413,3.98609261272636,29.5738603189007
37.4968693337214,4.06050067633734,29.5738603189007
37.8462146938762,4.14614981499849,29.5738603189007
38.1926353760328,4.24295201843006,29.5738603189007
38.5357754095228,4.35080781582434,29.5738603189007
38.875282194766,4.4696063780586,29.5738603189007
39.2108068655903,4.59922563157953,29.5738603189007
39.5420046477154,4.73953238384205,29.5738603189007
39.8685352130317,4.89038246017367,29.5738603189007
40.1900630293104,5.05162085192369,29.5738603189007
40.5062577049854,5.22308187574511,29.5738603189007
40.816794328653,5.40458934384541,29.5738603189007
41.1213538029406,5.59595674503148,29.5738603189007
41.4196231724006,5.79698743636241,29.5738603189007
41.7112959450933,6.00747484521346,29.5738603189007
41.996072407528,6.22720268154339,29.5738603189007
42.2736599326391,6.45594516014706,29.5738603189007
42.5437732804801,6.69346723266503,29.5738603189007
42.8061348913266,6.93952482911163,29.5738603189007
43.0604751708883,7.19386510867335,29.5738603189007
43.3065327673349,7.45622671951988,29.5738603189007
43.5440548398529,7.72634006736081,29.5738603189007
43.7727973184566,8.00392759247192,29.5738603189007
43.9925251547865,8.28870405490664,29.5738603189007
44.2030125636376,8.58037682759932,29.5738603189007
44.4040432549685,8.87864619705933,29.5738603189007
44.5954106561545,9.18320567134696,29.5738603189007
44.7769181242549,9.49374229501458,29.5738603189007
44.9483791480763,9.80993697068951,29.5738603189007
45.1096175398263,10.1314647869682,29.5738603189007
45.2604676161579,10.4579953522845,29.5738603189007
45.4007743684204,10.7891931344097,29.5738603189007
45.5303936219414,11.1247178052339,29.5738603189007
45.6491921841756,11.4642245904771,29.5738603189007
45.7570479815699,11.8073646239671,29.5738603189007
45.8538501850015,12.1537853061237,29.5738603189007
45.9394993236626,12.5031306662785,29.5738603189007
46.0139073872736,12.8550417284586,29.5738603189007
46.0769979165192,13.2091568802589,29.5738603189007
46.1287060816157,13.5651122444233,29.5738603189007
46.1689787489282,13.922542052753,29.5738603189007
46.1977745355685,14.2810790219582,29.5738603189007
46.2150638519193,14.6403547310664,29.5738603189007
46.2208289320395,14.9999999999999,29.5738603189007
35,4.08419081918412,29.6859190270968
35.3498689047163,4.08979918509761,29.6859190270968
35.6993782954824,4.10661851986297,29.6859190270968
36.0481690277728,4.13463154047678,29.6859190270968
36.3958826955324,4.1738094616667,29.6859190270968
36.7421619994626,4.22411202547035,29.6859190270968
37.0866511141706,4.28548754260303,29.6859190270968
37.428996053804,4.35787294557199,29.6859190270968
37.7688450357954,4.44119385348252,29.6859190270968
38.1058488423424,4.53536464846937,29.6859190270968
38.4396611792528,4.64028856367487,29.6859190270968
38.7699390317851,4.75585778268343,29.6859190270968
39.0963430171195,4.8819535503102,29.6859190270968
39.4185377330968,5.01844629463006,29.6859190270968
39.7361921028661,5.16519576012148,29.6859190270968
40.0489797150898,5.32205115178861,29.6859190270968
40.3565791593521,5.4888512901133,29.6859190270968
40.6586743564307,5.66542477667797,29.6859190270968
40.9549548830896,5.85159017028905,29.6859190270968
41.2451162910593,6.04715617342007,29.6859190270968
41.5288604198786,6.25192182878284,29.6859190270968
41.8058957032746,6.46567672582457,29.6859190270968
42.0759374687663,6.68820121693904,29.6859190270968
42.3387082301851,6.91926664316926,29.6859190270968
42.5939379728109,7.15863556917008,29.6859190270968
42.8413644308299,7.40606202718903,29.6859190270968
43.0807333568307,7.6612917698148,29.6859190270968
43.3117987830609,7.92406253123367,29.6859190270968
43.5343232741754,8.19410429672533,29.6859190270968
43.7480781712171,8.47113958012129,29.6859190270968
43.9528438265799,8.75488370894067,29.6859190270968
44.1484098297109,9.04504511691037,29.6859190270968
44.334575223322,9.34132564356921,29.6859190270968
44.5111487098867,9.64342084064788,29.6859190270968
44.6779488482114,9.95102028491017,29.6859190270968
44.8348042398785,10.2638078971338,29.6859190270968
44.9815537053699,10.5814622669032,29.6859190270968
45.1180464496898,10.9036569828804,29.6859190270968
45.2441422173166,11.2300609682149,29.6859190270968
45.3597114363251,11.5603388207472,29.6859190270968
45.4646353515306,11.8941511576575,29.6859190270968
45.5588061465175,12.2311549642045,29.6859190270968
45.642127054428,12.5710039461959,29.6859190270968
45.7145124573969,12.9133488858293,29.6859190270968
45.7758879745296,13.2578380005373,29.6859190270968
45.8261905383333,13.6041173044675,29.6859190270968
45.8653684595232,13.9518309722271,29.6859190270968
45.893381480137,14.3006217045176,29.6859190270968
45.9102008149024,14.6501310952836,29.6859190270968
45.9158091808159,14.9999999999999,29.6859190270968
35,4.39482996882468,29.7812999551153
35.3399124299148,4.40027873337564,29.7812999551153
35.6794755768303,4.41661942805465,29.7812999551153
36.0183405166589,4.44383526169329,29.7812999551153
36.3561590427683,4.48189826818275,29.7812999551153
36.6925840237867,4.53076933521086,29.7812999551153
37.0272697603044,4.59039824445264,29.7812999551153
37.3598723401026,4.66072372317299,29.7812999551153
37.6900499915473,4.74167350718864,29.7812999551153
38.0174634347821,4.83316441512441,29.7812999551153
38.3417762303611,4.93510243388774,29.7812999551153
38.6626551249641,5.04738281527348,29.7812999551153
38.9797703938357,5.16989018359975,29.7812999551153
39.2927961796006,5.30249865426428,29.7812999551153
39.6014108271038,5.4450719630993,29.7812999551153
39.9052972139332,5.59746360639222,29.7812999551153
40.2041430762839,5.7595169914281,29.7812999551153
40.4976413298308,5.93106559739923,29.7812999551153
40.7854903852783,6.11193314651652,29.7812999551153
41.0673944582637,6.30193378514685,29.7812999551153
41.3430638732958,6.50087227479026,29.7812999551153
41.6122153614157,6.70854419270066,29.7812999551153
41.874572351275,6.92473614194406,29.7812999551153
42.1298652533318,7.14922597067835,29.7812999551153
42.3778317368717,7.38178300042928,29.7812999551153
42.6182169995707,7.62216826312827,29.7812999551153
42.8507740293216,7.87013474666817,29.7812999551153
43.0752638580559,8.12542764872494,29.7812999551153
43.2914558072993,8.38778463858429,29.7812999551153
43.4991277252097,8.65693612670415,29.7812999551153
43.6980662148531,8.93260554173621,29.7812999551153
43.8880668534834,9.21450961472166,29.7812999551153
44.0689344026007,9.50235867016917,29.7812999551153
44.2404830085719,9.79585692371608,29.7812999551153
44.4025363936077,10.0947027860668,29.7812999551153
44.5549280369007,10.3985891728961,29.7812999551153
44.6975013457357,10.7072038203994,29.7812999551153
44.8301098164002,11.0202296061643,29.7812999551153
44.9526171847265,11.3373448750359,29.7812999551153
45.0648975661122,11.6582237696388,29.7812999551153
45.1668355848756,11.9825365652179,29.7812999551153
45.2583264928113,12.3099500084526,29.7812999551153
45.339276276827,12.6401276598973,29.7812999551153
45.4096017555474,12.9727302396956,29.7812999551153
45.4692306647891,13.3074159762132,29.7812999551153
45.5181017318172,13.6438409572317,29.7812999551153
45.5561647383067,13.981659483341,29.7812999551153
45.5833805719454,14.3205244231697,29.7812999551153
45.5997212666244,14.6600875700851,29.7812999551153
45.6051700311753,14.9999999999999,29.7812999551153
35,4.71017735873386,29.8597233342605
35.3298050485851,4.71546410290474,29.8597233342605
35.6592712001884,4.73131890293036,29.8597233342605
35.9880599060677,4.75772546693193,29.8597233342605
36.3158333136021,4.7946566603799,29.8597233342605
36.6422546134582,4.8420745339765,29.8597233342605
36.9669883856848,4.89993036265122,29.8597233342605
37.2897009443794,4.96816469562914,29.8597233342605
37.610060680573,5.04670741752056,29.8597233342605
37.9277384029808,5.13547782036936,29.8597233342605
38.2424076762685,5.23438468658587,29.8597233342605
38.5537451564865,5.34332638267906,29.8597233342605
38.8614309233279,5.4621909636919,29.8597233342605
39.1651488088682,5.59085628823232,29.8597233342605
39.464586722449,5.72919014398175,29.8597233342605
39.7594369713727,5.87705038355224,29.8597233342605
40.0493965770768,6.03428507055246,29.8597233342605
40.3341675864657,6.20073263571269,29.8597233342605
40.6134573780772,6.37622204290809,29.8597233342605
40.8869789627706,6.56057296490993,29.8597233342605
41.1544512786282,6.75359596868398,29.8597233342605
41.4155994797645,6.95509271004578,29.8597233342605
41.6701552187497,7.16485613747266,29.8597233342605
41.9178569223543,7.38267070486325,29.8597233342605
42.1584500603335,7.60831259302556,29.8597233342605
42.3916874069744,7.84154993966644,29.8597233342605
42.6173292951367,8.08214307764569,29.8597233342605
42.8351438625273,8.32984478125027,29.8597233342605
43.0449072899542,8.58440052023543,29.8597233342605
43.246404031316,8.84554872137175,29.8597233342605
43.43942703509,9.1130210372293,29.8597233342605
43.6237779570919,9.38654262192277,29.8597233342605
43.7992673642873,9.66583241353422,29.8597233342605
43.9657149294475,9.95060342292314,29.8597233342605
44.1229496164477,10.2405630286273,29.8597233342605
44.2708098560182,10.5354132775509,29.8597233342605
44.4091437117676,10.8348511911317,29.8597233342605
44.5378090363081,11.138569076672,29.8597233342605
44.6566736173209,11.4462548435135,29.8597233342605
44.7656153134141,11.7575923237315,29.8597233342605
44.8645221796306,12.0722615970191,29.8597233342605
44.9532925824794,12.389939319427,29.8597233342605
45.0318353043708,12.7102990556206,29.8597233342605
45.1000696373488,13.0330116143152,29.8597233342605
45.1579254660235,13.3577453865418,29.8597233342605
45.2053433396201,13.6841666863979,29.8597233342605
45.2422745330681,14.0119400939322,29.8597233342605
45.2686810970696,14.3407287998115,29.8597233342605
45.2845358970953,14.6701949514148,29.8597233342605
45.2898226412661,14.9999999999999,29.8597233342605
35,5.02930802068341,29.9209591352492
35.3195764074181,5.03443080069032,29.9209591352492
35.6388244284747,5.04979387670828,29.9209591352492
35.9574160142474,5.07538146213817,29.9209591352492
36.2750237903455,5.11116726400627,29.9209591352492
36.5913213933091,5.1571145099821,29.9209591352492
36.9059838059699,5.21317598616443,29.9209591352492
37.2186876914283,5.27929408559682,29.9209591352492
37.5291117253034,5.35540086746261,29.9209591352492
37.8369369259163,5.44141812689871,29.9209591352492
38.1418469820648,5.53725747535641,29.9209591352492
38.4435285780548,5.64282043142655,29.9209591352492
38.7416717156529,5.75799852203587,29.9209591352492
39.0359700326314,5.88267339391039,29.9209591352492
39.3261211175753,6.0167169351914,29.9209591352492
39.6118268206311,6.15999140707907,29.9209591352492
39.8927935598755,6.31234958536839,29.9209591352492
40.1687326229911,6.47363491173196,29.9209591352492
40.4393604639373,6.64368165459427,29.9209591352492
40.7043989943135,6.82231507943211,29.9209591352492
40.9635758691135,7.00935162832609,29.9209591352492
41.2166247665785,7.2045991085788,29.9209591352492
41.4632856618606,7.40785689020582,29.9209591352492
41.7033050942159,7.61891611209658,29.9209591352492
41.9364364274527,7.83755989663328,29.9209591352492
42.1624401033667,8.06356357254729,29.9209591352492
42.3810838879034,8.29669490578406,29.9209591352492
42.5921431097941,8.53671433813934,29.9209591352492
42.7954008914212,8.78337523342141,29.9209591352492
42.9906483716739,9.03642413088641,29.9209591352492
43.1776849205678,9.29560100568646,29.9209591352492
43.3563183454057,9.56063953606268,29.9209591352492
43.526365088268,9.83126737700888,29.9209591352492
43.6876504146316,10.1072064401244,29.9209591352492
43.8400085929209,10.3881731793689,29.9209591352492
43.9832830648086,10.6738788824246,29.9209591352492
44.1173266060896,10.9640299673685,29.9209591352492
44.2420014779641,11.258328284347,29.9209591352492
44.3571795685734,11.5564714219452,29.9209591352492
44.4627425246436,11.8581530179351,29.9209591352492
44.5585818731013,12.1630630740836,29.9209591352492
44.6445991325374,12.4708882746965,29.9209591352492
44.7207059144032,12.7813123085717,29.9209591352492
44.7868240138356,13.09401619403,29.9209591352492
44.8428854900179,13.4086786066909,29.9209591352492
44.8888327359937,13.7249762096545,29.9209591352492
44.9246185378618,14.0425839857525,29.9209591352492
44.9502061232917,14.3611755715252,29.9209591352492
44.9655691993097,14.6804235925818,29.9209591352492
44.9706919793166,14.9999999999999,29.9209591352492
35,5.35128588945635,29.9648277429262
35.3092565087808,5.35624324245054,29.9648277429262
35.6181952355935,5.37111020741781,29.9648277429262
35.9264987250125,5.39587150754665,29.9648277429262
36.2338501743616,5.43050169892736,29.9648277429262
36.5399337592498,5.47496519669735,29.9648277429262
36.8444349581031,5.52921631160698,29.9648277429262
37.1470408753556,5.59319929696838,29.9648277429262
37.4474405629717,5.66684840593893,29.9648277429262
37.7453253399658,5.75008795908058,29.9648277429262
38.0403891095928,5.84283242212561,29.9648277429262
38.3323286738835,5.94498649386884,29.9648277429262
38.6208440452011,6.05644520409607,29.9648277429262
38.9056387544981,6.17709402144809,29.9648277429262
39.186420155959,6.30680897110938,29.9648277429262
39.4628997277135,6.44545676220061,29.9648277429262
39.7347933683118,6.59289492474404,29.9648277429262
40.0018216886587,6.74897195606102,29.9648277429262
40.2637102991042,6.9135274764513,29.9648277429262
40.5201900913979,7.08639239399394,29.9648277429262
40.7709975152153,7.26738907830074,29.9648277429262
41.0158748489744,7.45633154304344,29.9648277429262
41.2545704646613,7.65302563706728,29.9648277429262
41.4868390863954,7.85726924389439,29.9648277429262
41.7124420424668,8.06885248941217,29.9648277429262
41.9311475105878,8.28755795753312,29.9648277429262
42.1427307561056,8.51316091360455,29.9648277429262
42.3469743629327,8.74542953533865,29.9648277429262
42.5436684569565,8.98412515102554,29.9648277429262
42.7326109216992,9.22900248478463,29.9648277429262
42.913607606006,9.47980990860209,29.9648277429262
43.0864725235487,9.73628970089571,29.9648277429262
43.2510280439389,9.99817831134124,29.9648277429262
43.4071050752559,10.2652066316881,29.9648277429262
43.5545432377994,10.5371002722865,29.9648277429262
43.6931910288906,10.8135798440409,29.9648277429262
43.8229059785519,11.0943612455019,29.9648277429262
43.9435547959039,11.3791559547989,29.9648277429262
44.0550135061311,11.6676713261164,29.9648277429262
44.1571675778744,11.9596108904072,29.9648277429262
44.2499120409194,12.2546746600342,29.9648277429262
44.3331515940611,12.5525594370282,29.9648277429262
44.4068007030316,12.8529591246443,29.9648277429262
44.470783688393,13.1555650418968,29.9648277429262
44.5250348033026,13.4600662407501,29.9648277429262
44.5694983010726,13.7661498256384,29.9648277429262
44.6041284924533,14.0735012749874,29.9648277429262
44.6288897925822,14.3818047644064,29.9648277429262
44.6437567575495,14.6907434912191,29.9648277429262
44.6487141105437,14.9999999999999,29.9648277429262
35,5.6751665484875,29.9912004831067
35.2988756227139,5.67995749684617,29.9912004831067
35.5974441305219,5.69432541889888,29.9912004831067
35.8953987240994,5.71825555063447,29.9912004831067
36.1924332349601,5.75172330222495,29.9912004831067
36.4882424400651,5.79469428329316,29.9912004831067
36.7825223754598,5.8471243382513,29.9912004831067
37.0749706486176,5.90895959167369,29.9912004831067
37.3652867491689,5.98013650365745,29.9912004831067
37.6531723576952,6.06058193511407,29.9912004831067
37.9383316522731,6.15021322292473,29.9912004831067
38.2204716124512,6.24893826488224,29.9912004831067
38.4993023203481,6.35665561433231,29.9912004831067
38.7745372585627,6.47325458441685,29.9912004831067
39.0458936045907,6.59861536181216,29.9912004831067
39.3130925214431,6.73260912984526,29.9912004831067
39.5758594441706,6.87509820086168,29.9912004831067
39.8339243619974,7.02593615770891,29.9912004831067
40.0870220957757,7.18496800418983,29.9912004831067
40.3348925704748,7.35203032433186,29.9912004831067
40.5772810824264,7.52695145030787,29.9912004831067
40.8139385610492,7.70955163883649,29.9912004831067
41.0446218247863,7.89964325588048,29.9912004831067
41.2690938309903,8.0970309694534,29.9912004831067
41.4871239195009,8.30151195033642,29.9912004831067
41.6984880496635,8.51287608049905,29.9912004831067
41.9029690305466,8.73090616900961,29.9912004831067
42.1003567441195,8.95537817521364,29.9912004831067
42.2904483611635,9.18606143895075,29.9912004831067
42.4730485496921,9.42271891757359,29.9912004831067
42.6479696756681,9.66510742952515,29.9912004831067
42.8150319958101,9.91297790422428,29.9912004831067
42.9740638422911,10.1660756380025,29.9912004831067
43.1249017991383,10.4241405558293,29.9912004831067
43.2673908701547,10.6869074785568,29.9912004831067
43.4013846381878,10.9541063954092,29.9912004831067
43.5267454155831,11.2254627414372,29.9912004831067
43.6433443856677,11.5006976796519,29.9912004831067
43.7510617351177,11.7795283875487,29.9912004831067
43.8497867770753,12.0616683477268,29.9912004831067
43.9394180648859,12.3468276423048,29.9912004831067
44.0198634963425,12.6347132508311,29.9912004831067
44.0910404083263,12.9250293513823,29.9912004831067
44.1528756617487,13.2174776245401,29.9912004831067
44.2053057167068,13.5117575599348,29.9912004831067
44.248276697775,13.8075667650398,29.9912004831067
44.2817444493655,14.1046012759005,29.9912004831067
44.3056745811011,14.402555869478,29.9912004831067
44.3200425031538,14.701124377286,29.9912004831067
44.3248334515125,14.9999999999999,29.9912004831067
35,6,30
35.2884641981449,6.00462405419381,30
35.5766319798264,6.01849146524698,30
35.8642072331691,6.04158798345722,30
36.1508944551606,6.07388987559079,30
36.4363990553004,6.11536394926995,30
36.7204276583123,6.16596758708041,30
37.0026884056068,6.22564879036359,30
37.2828912551856,6.29434623264873,30
37.5607482796793,6.37198932267005,30
37.8359739622126,6.45849827690398,30
38.1082854897918,6.55378420155215,30
38.3774030439144,6.6577491838858,30
38.6430500881015,6.77028639285768,30
38.904953652058,6.89128018887822,30
39.1628446121675,7.02060624264299,30
39.4164579680354,7.15813166288949,30
39.6655331147947,7.30371513295187,30
39.9098141108949,7.45720705597342,30
40.1490499410995,7.61844970862738,30
40.3829947744209,7.78727740318838,30
40.6114082167286,7.96351665778772,30
40.8340555577701,8.14698637467777,30
41.0507080123518,8.33749802632214,30
41.2611429554314,8.53485584912043,30
41.4651441508795,8.7388570445686,30
41.6625019736778,8.94929198764813,30
41.8530136253222,9.16594444222988,30
42.0364833422123,9.38859178327137,30
42.2127225968116,9.61700522557903,30
42.3815502913726,9.85095005890044,30
42.5427929440265,10.090185889105,30
42.6962848670481,10.3344668852052,30
42.8418683371105,10.5835420319645,30
42.979393757357,10.8371553878324,30
43.1087198111218,11.0950463479419,30
43.2297136071423,11.3569499118984,30
43.3422508161142,11.6225969560856,30
43.4462157984478,11.8917145102082,30
43.541501723096,12.1640260377874,30
43.6280106773299,12.4392517203207,30
43.7056537673513,12.7171087448144,30
43.7743512096364,12.9973115943931,30
43.8340324129196,13.2795723416876,30
43.88463605073,13.5636009446995,30
43.9261101244092,13.8491055448394,30
43.9584120165428,14.1357927668308,30
43.981508534753,14.4233680201735,30
43.9953759458062,14.711535801855,30
44,14.9999999999999,30
